,City,Cloudiness,Country,Date,Humidity,Lat,Lng,Max Temp,Wind Speed
0,Atuona,36,PF,1552330605,100,-139.03,-139.03,300.749,5.97
1,Harnosand,0,SE,1552330519,53,17.94,17.94,268.71,5.1
2,Bluff,64,AU,1552330605,65,149.07,149.07,297.449,2.52
3,Bathsheba,40,BB,1552327200,58,-59.52,-59.52,302.15,10.3
4,Iqaluit,5,CA,1552330366,62,-68.52,-68.52,248.15,8.2
5,Diego de Almagro,0,CL,1552330605,66,-70.05,-70.05,296.499,1.62
6,Albany,90,US,1552330560,59,-73.75,-73.75,280.93,8.2
7,Leningradskiy,8,RU,1552330606,78,178.42,178.42,245.324,0.17
8,Beringovskiy,24,RU,1552330606,70,179.32,179.32,256.024,10.77
9,Longyearbyen,20,NO,1552326600,70,15.63,15.63,254.15,1.37
10,Sparbu,90,NO,1552330564,92,11.44,11.44,272.59,3.1
11,Barrow,12,AR,1552330606,41,-60.23,-60.23,298.949,4.07
12,Bambous Virieux,40,MU,1552330447,83,57.76,57.76,298.15,2.6
13,Vostok,12,RU,1552330607,79,135.83,135.83,264.749,0.97
14,Jamestown,88,AU,1552330399,94,138.6,138.6,287.724,3.92
15,Ilulissat,75,GL,1552326600,66,-51.1,-51.1,261.15,3.6
16,Ushuaia,75,AR,1552327200,61,-68.31,-68.31,284.15,11.8
17,Ocos,40,GT,1552329600,46,-92.19,-92.19,307.15,4.1
18,Polyarnyy,40,RU,1552327200,84,33.45,33.45,258.15,1.0
19,Tuktoyaktuk,90,CA,1552329960,84,-133.03,-133.03,260.15,8.7
20,Merrill,1,US,1552330593,69,-121.6,-121.6,275.93,1.5
21,Luderitz,0,NA,1552330608,75,15.16,15.16,290.724,7.77
22,Thompson,90,CA,1552327200,57,-97.86,-97.86,267.15,5.7
23,Dunedin,88,NZ,1552330068,97,170.5,170.5,288.71,1.27
24,Cape Town,40,ZA,1552330564,88,18.42,18.42,292.59,2.1
25,Avarua,56,CK,1552329000,83,-159.78,-159.78,300.15,5.1
26,Maun,20,BW,1552327200,40,23.42,23.42,303.15,2.6
27,East London,40,ZA,1552327200,88,27.91,27.91,296.15,6.7
28,Grindavik,90,IS,1552329952,74,-22.43,-22.43,277.59,15.4
29,Pasni,56,PK,1552330609,90,63.48,63.48,294.924,5.92
30,Melilla,20,EC,1552327200,62,-80.23,-80.23,303.15,5.1
31,Rikitea,44,PF,1552330610,100,-134.97,-134.97,298.624,7.02
32,Minamata,48,JP,1552330389,66,130.48,130.48,282.04,1.34
33,Mar del Plata,0,AR,1552330425,48,-67.52,-67.52,293.124,3.82
34,Tasiilaq,88,GL,1552326600,62,-37.64,-37.64,267.15,1.0
35,Suluq,64,LY,1552330610,31,20.25,20.25,289.199,3.42
36,Sola,0,FI,1552328400,92,29.36,29.36,262.15,2.1
37,Qaanaaq,48,GL,1552330611,100,-69.36,-69.36,253.074,2.77
38,Hermanus,20,ZA,1552329962,96,19.24,19.24,291.48,0.45
39,Port Hedland,92,AU,1552327200,88,118.58,118.58,300.15,5.1
40,New Norfolk,40,AU,1552330576,58,147.06,147.06,287.15,3.1
41,Port Hardy,90,CA,1552327380,86,-127.42,-127.42,277.15,1.0
42,Okhotsk,0,RU,1552330611,100,143.24,143.24,256.474,1.37
43,Avera,90,US,1552330557,49,-82.53,-82.53,294.26,2.6
44,Naberera,12,TZ,1552330612,35,36.93,36.93,298.349,5.27
45,Meulaboh,12,ID,1552330612,100,96.13,96.13,298.849,2.32
46,Kasongo-Lunda,24,CD,1552330612,86,16.82,16.82,296.774,1.17
47,Isla Mujeres,40,MX,1552330385,66,-86.73,-86.73,302.15,6.7
48,Linxia,8,CN,1552330612,63,103.21,103.21,262.124,0.97
49,Palaikastron,0,GR,1552329860,82,26.25,26.25,288.71,5.81
50,Cotacachi,75,EC,1552327200,46,-78.27,-78.27,295.15,5.7
51,Chokurdakh,12,RU,1552330613,25,147.9,147.9,245.849,3.87
52,Padang,68,ID,1552330613,100,100.36,100.36,300.974,2.77
53,Victoria,75,BN,1552327200,94,115.24,115.24,298.15,1.07
54,Busselton,20,AU,1552330504,50,115.35,115.35,289.26,6.92
55,Estelle,90,US,1552330583,63,-97.01,-97.01,289.26,4.6
56,Hobart,40,AU,1552330576,58,147.33,147.33,287.15,3.1
57,Kapaa,75,US,1552330393,69,-159.32,-159.32,297.15,8.7
58,Tura,0,IN,1552330675,78,90.21,90.21,291.074,1.57
59,Vicosa,68,BR,1552330513,65,-42.88,-42.88,302.59,1.79
60,Kovur,0,IN,1552330675,74,79.99,79.99,296.499,3.57
61,Lompoc,0,US,1552330590,66,-120.46,-120.46,290.93,1.5
62,Poum,75,MK,1552329000,62,20.71,20.71,284.15,5.1
63,Nome,90,US,1552330675,61,-94.42,-94.42,301.15,4.1
64,Morondava,92,MG,1552330676,82,44.28,44.28,301.374,4.67
65,Ishigaki,92,JP,1552330676,100,124.16,124.16,293.274,8.92
66,Saint-Denis,0,FR,1552330626,49,2.36,2.36,281.15,2.1
67,Kodiak,1,US,1552330622,17,-94.76,-94.76,283.15,1.5
68,Naze,36,NG,1552330677,57,7.07,7.07,303.499,3.12
69,Puerto Ayora,40,EC,1552327200,74,-90.35,-90.35,301.15,4.6
70,Bonthe,0,SL,1552330677,77,-12.5,-12.5,302.674,2.12
71,San Juan,20,PH,1552330549,78,121.03,121.03,299.15,2.1
72,Butaritari,80,KI,1552330678,100,172.79,172.79,298.999,5.32
73,Evensk,36,RU,1552330678,100,159.24,159.24,256.224,3.02
74,Vaini,0,IN,1552330678,66,74.49,74.49,293.874,1.27
75,Aranos,0,NA,1552330678,13,19.11,19.11,298.449,2.57
76,Bangassou,0,CF,1552330678,35,22.82,22.82,304.374,2.07
77,Maldonado,75,UY,1552327200,64,-54.96,-54.96,297.15,6.2
78,Harper,90,US,1552330625,77,-99.24,-99.24,289.26,3.1
79,Luena,44,AO,1552330679,98,19.91,19.91,291.749,1.42
80,Juegang,12,CN,1552330465,74,121.18,121.18,282.59,4.92
81,Turbat,0,PK,1552330680,60,63.05,63.05,288.324,2.87
82,Staunton,1,US,1552330641,20,-79.07,-79.07,289.82,4.6
83,Bredasdorp,76,ZA,1552329910,83,20.04,20.04,294.15,2.1
84,Chuy,44,UY,1552330680,74,-53.46,-53.46,297.024,7.42
85,Port Alfred,92,ZA,1552330628,96,26.89,26.89,293.71,1.34
86,Hobyo,8,SO,1552330680,84,48.53,48.53,299.124,6.17
87,Dikson,36,RU,1552330680,78,80.55,80.55,254.699,4.37
88,Murdochville,80,CA,1552330681,81,-65.49,-65.49,272.724,3.02
89,Osakarovka,0,KZ,1552330681,67,72.58,72.58,260.449,1.32
90,Ndola,36,ZM,1552330681,87,28.64,28.64,293.724,1.57
91,Hithadhoo,80,MV,1552330459,100,73.08,73.08,301.699,4.92
92,Kruisfontein,92,ZA,1552330681,74,24.73,24.73,295.374,7.07
93,Lagoa,0,PT,1552330629,77,-8.45,-8.45,293.15,2.6
94,Provideniya,48,RU,1552330682,100,-173.23,-173.23,260.524,9.87
95,Castro,0,CL,1552327200,60,-73.76,-73.76,293.15,3.6
96,Torbay,90,CA,1552330412,86,-52.73,-52.73,273.71,14.4
97,Floro,40,NO,1552330169,51,5.03,5.03,276.15,5.7
98,Ambilobe,88,MG,1552330683,93,49.05,49.05,297.824,2.17
99,Loandjili,40,CG,1552327200,89,11.87,11.87,302.15,4.6
100,Pevek,20,RU,1552330683,100,170.27,170.27,241.774,2.22
101,Cherskiy,56,RU,1552330683,60,161.3,161.3,251.499,1.12
102,Zhigansk,64,RU,1552330683,80,123.37,123.37,258.849,2.42
103,Ribeira Grande,75,PT,1552329000,88,-28.7,-28.7,290.15,5.7
104,Baoning,0,CN,1552327200,81,110.03,110.03,283.15,2.0
105,College,75,US,1552330555,73,-147.8,-147.8,270.37,2.57
106,Havoysund,40,NO,1552328400,58,24.66,24.66,271.15,6.2
107,Punta Arenas,20,CL,1552330391,54,-70.91,-70.91,285.15,13.4
108,Nanortalik,0,GL,1552330685,100,-45.24,-45.24,270.224,12.57
109,North Bend,1,US,1552330526,57,-124.22,-124.22,285.37,3.6
110,Pisco,0,PE,1552327200,30,-76.2,-76.2,295.15,4.6
111,Fortuna,0,ES,1552330717,54,-1.13,-1.13,290.15,2.6
112,Loten,64,NO,1552330502,72,11.34,11.34,268.15,1.87
113,Andros Town,40,BS,1552329914,61,-77.79,-77.79,301.15,4.6
114,Souillac,0,FR,1552330634,61,-0.6,-0.6,283.15,2.1
115,Upernavik,36,GL,1552330746,100,-56.15,-56.15,255.224,3.67
116,Mataura,80,NZ,1552330206,80,168.86,168.86,288.15,1.92
117,Sokoto,24,NG,1552330624,37,5.24,5.24,306.224,1.42
118,Tabou,8,CI,1552330747,98,-7.36,-7.36,301.674,4.17
119,Taoudenni,0,ML,1552330747,15,-3.98,-3.98,299.949,3.67
120,Manthani,100,IN,1552330748,52,79.67,79.67,302.724,1.22
121,Longido,8,TZ,1552330748,47,36.7,36.7,294.124,3.92
122,Marawi,24,PH,1552329962,86,124.29,124.29,294.26,1.34
123,Morehead,1,US,1552329987,25,-83.43,-83.43,285.15,1.77
124,Vila Velha,40,BR,1552330800,74,-38.6,-38.6,302.15,6.7
125,Kendari,80,ID,1552330749,98,122.52,122.52,294.774,1.47
126,Los Llanos de Aridane,75,ES,1552330561,77,-17.92,-17.92,294.26,4.6
127,Ponta do Sol,44,BR,1552330749,79,-46.0,-46.0,300.699,2.77
128,Richards Bay,92,ZA,1552330749,100,32.06,32.06,294.949,2.02
129,Kongsberg,0,NO,1552330532,68,9.65,9.65,271.15,3.1
130,Klaksvik,8,FO,1552330200,80,-6.59,-6.59,277.15,5.7
131,Aksarka,56,RU,1552330566,77,67.8,67.8,263.349,2.32
132,Mount Isa,0,AU,1552327200,69,139.49,139.49,298.15,3.52
133,Yellowknife,75,CA,1552330682,79,-114.38,-114.38,269.82,3.6
134,Georgetown,88,GY,1552330710,67,-58.16,-58.16,302.024,4.02
135,Norman Wells,75,CA,1552327200,72,-126.83,-126.83,263.15,1.0
136,Mananjary,80,MG,1552330752,94,46.8,46.8,290.824,3.82
137,Maragogi,80,BR,1552330752,69,-35.22,-35.22,303.024,5.27
138,Soyo,20,AO,1552327200,79,12.37,12.37,303.15,2.6
139,Saint George,75,GR,1552330410,42,22.34,22.34,291.15,5.1
140,Ola,0,RU,1552330753,100,151.3,151.3,258.349,2.82
141,Khatanga,88,RU,1552330753,71,102.47,102.47,260.174,4.02
142,Nantucket,1,US,1552330672,61,-70.1,-70.1,283.15,8.2
143,Thinadhoo,8,MV,1552330504,100,72.93,72.93,301.599,4.77
144,San Patricio,64,PY,1552330753,68,-56.83,-56.83,302.449,1.47
145,Vanimo,80,PG,1552330753,99,141.3,141.3,301.374,7.37
146,Kapit,76,MY,1552330753,93,112.94,112.94,296.124,0.77
147,Sistranda,75,NO,1552330462,100,8.83,8.83,273.15,5.1
148,Skelleftea,0,SE,1552330415,48,20.95,20.95,267.15,4.1
149,Naifaru,0,MV,1552330504,100,73.37,73.37,301.924,3.67
150,Hambantota,20,LK,1552327800,88,81.12,81.12,298.15,1.5
151,Port-Cartier,90,CA,1552330706,86,-66.88,-66.88,273.15,1.5
152,Bethel,90,US,1552330560,100,-161.76,-161.76,272.15,9.3
153,Coaticook,90,CA,1552330570,74,-71.8,-71.8,277.04,8.7
154,Ixtapa,5,MX,1552330508,58,-105.21,-105.21,301.15,4.6
155,Malkangiri,68,IN,1552330756,64,81.9,81.9,297.274,1.12
156,Cabo San Lucas,75,MX,1552330557,53,-109.91,-109.91,301.48,0.97
157,Bushehr,0,IR,1552327200,72,50.84,50.84,288.15,2.1
158,Akdepe,0,TM,1552327200,61,59.39,59.39,281.15,3.1
159,Kavaratti,8,IN,1552330757,100,72.64,72.64,301.624,3.82
160,Baley,64,RU,1552330757,51,116.65,116.65,263.274,2.62
161,Taltal,0,CL,1552330757,69,-70.49,-70.49,295.024,1.67
162,Manono,44,CD,1552330818,75,27.4,27.4,298.199,3.57
163,Praia da Vitoria,20,PT,1552329943,72,-27.07,-27.07,291.15,9.07
164,Bundaberg,20,AU,1552330808,88,152.35,152.35,299.26,4.6
165,Blarney,75,IE,1552330616,100,-8.57,-8.57,281.48,9.8
166,Kaputa,56,ZM,1552330821,91,29.66,29.66,293.774,0.82
167,Samana,75,EC,1552327200,83,-76.97,-76.97,302.15,2.1
168,Coihaique,0,CL,1552327200,40,-72.07,-72.07,296.15,2.1
169,Moerai,68,PF,1552330822,100,-151.33,-151.33,297.724,8.72
170,Atar,0,MR,1552330824,9,-13.05,-13.05,304.349,4.67
171,Katangli,64,RU,1552330825,89,143.23,143.23,269.574,6.77
172,Awjilah,88,LY,1552330825,28,21.3,21.3,293.224,1.37
173,Ancud,0,CL,1552327200,60,-73.83,-73.83,293.15,3.6
174,Lakes Entrance,20,AU,1552330807,95,147.99,147.99,289.26,3.02
175,Lebu,20,ET,1552330826,34,38.73,38.73,291.124,3.17
176,Milkovo,68,BG,1552330684,47,24.68,24.68,288.15,2.1
177,Tiksi,32,RU,1552330827,23,128.87,128.87,246.674,3.57
178,Muli,0,IN,1552330827,49,71.45,71.45,290.474,2.97
179,Airai,88,TL,1552330827,95,125.41,125.41,294.349,0.62
180,Bathurst,0,AU,1552330270,94,149.58,149.58,289.82,1.17
181,Plettenberg Bay,0,ZA,1552330829,95,23.37,23.37,293.424,3.17
182,Pangnirtung,5,CA,1552327200,68,-65.72,-65.72,246.15,1.5
183,Poya,12,NC,1552330830,100,165.16,165.16,297.874,3.37
184,Port-Gentil,40,GA,1552327200,83,8.78,8.78,302.15,2.6
185,Imbituba,40,BR,1552327200,57,-48.67,-48.67,300.15,5.7
186,Kasimov,88,RU,1552330797,94,41.4,41.4,273.949,4.02
187,Abu Dhabi,0,AE,1552327200,59,54.37,54.37,292.15,3.6
188,Nikolskoye,75,RU,1552330807,73,30.79,30.79,269.82,5.0
189,Saint-Georges,88,CA,1552329984,86,-70.67,-70.67,273.15,4.02
190,Altagracia de Orituco,8,VE,1552330838,48,-66.38,-66.38,305.074,6.47
191,Tomatlan,0,MX,1552330782,66,-105.25,-105.25,301.424,1.57
192,Del Rio,90,US,1552330380,93,-100.9,-100.9,293.15,2.6
193,Lanzhou,0,CN,1552327200,52,103.82,103.82,266.15,3.0
194,Hasaki,20,JP,1552330174,100,140.83,140.83,280.37,1.5
195,Kupang,76,ID,1552330840,100,123.6,123.6,299.874,1.07
196,Talnakh,76,RU,1552330840,88,88.39,88.39,265.974,4.02
197,Saint-Philippe,90,CA,1552330818,80,-73.48,-73.48,276.48,9.3
198,Yerbogachen,80,RU,1552330840,82,108.01,108.01,265.424,2.57
199,Misratah,92,LY,1552330552,78,15.09,15.09,289.324,2.42
200,Hilo,90,US,1552330710,77,-155.08,-155.08,296.48,2.1
201,Zhangjiakou,0,CN,1552330841,52,114.88,114.88,264.849,3.92
202,De-Kastri,80,RU,1552330841,89,140.77,140.77,270.099,5.07
203,Vyshneve,0,UA,1552330783,55,30.37,30.37,275.15,6.0
204,Port Elizabeth,1,US,1552330840,26,-74.98,-74.98,287.59,6.2
205,Sohbatpur,0,PK,1552330849,85,68.54,68.54,284.674,1.52
206,Uglegorskiy,92,RU,1552330849,86,41.25,41.25,282.749,10.42
207,South Lake Tahoe,90,US,1552330504,59,-119.98,-119.98,282.59,2.12
208,San Jose,0,PH,1552330854,96,120.99,120.99,291.524,1.07
209,Codigoro,75,IT,1552330843,46,12.11,12.11,284.82,2.97
210,Yushan,0,CN,1552330852,81,118.49,118.49,284.82,1.0
211,Constitucion,40,MX,1552330816,11,-104.67,-104.67,298.15,3.1
212,Salym,0,RU,1552330861,93,71.48,71.48,269.524,3.17
213,Bima,88,ID,1552330862,100,118.73,118.73,297.424,1.22
214,Pedernales,8,EC,1552330862,64,-80.05,-80.05,305.374,2.22
215,Bjerkvik,0,NO,1552330882,66,17.56,17.56,268.15,7.2
216,Vila Franca do Campo,75,PT,1552330653,87,-25.43,-25.43,288.15,4.6
217,Gilgit,88,PK,1552330829,88,74.31,74.31,267.024,0.37
218,Karachev,88,RU,1552330923,97,35.0,35.0,273.424,5.27
219,Skjervoy,75,NO,1552326600,52,20.97,20.97,271.15,3.1
220,Clyde River,20,CA,1552327200,75,-68.59,-68.59,247.15,2.1
221,Paamiut,12,GL,1552330923,100,-49.67,-49.67,267.924,3.22
222,Mao,40,DO,1552330824,61,-71.08,-71.08,301.15,6.7
223,Arraial do Cabo,40,BR,1552330800,83,-42.02,-42.02,304.15,7.7
224,Mizan Teferi,8,ET,1552330924,70,35.58,35.58,291.924,0.97
225,Melnikovo,80,RU,1552330828,87,84.09,84.09,269.26,3.58
226,Cap Malheureux,40,MU,1552330747,83,57.61,57.61,298.15,2.6
227,Alice Springs,92,AU,1552329000,19,133.88,133.88,304.15,1.5
228,Chara,75,GR,1552330410,42,22.43,22.43,291.15,5.1
229,Samarai,92,PG,1552330925,100,150.67,150.67,298.099,2.12
230,Mount Gambier,75,AU,1552329000,93,140.78,140.78,286.15,7.2
231,Turmalina,12,BR,1552330777,35,-42.73,-42.73,306.349,2.02
232,Severo-Kurilsk,36,RU,1552330925,100,156.12,156.12,266.249,3.12
233,Morbegno,0,IT,1552330916,14,9.57,9.57,282.15,5.7
234,Zadar,75,HR,1552330844,100,15.24,15.24,281.15,4.6
235,Moron,76,VE,1552330926,72,-68.2,-68.2,299.099,1.82
236,Shenzhen,20,CN,1552330855,82,114.05,114.05,291.48,2.6
237,Kimbe,100,PG,1552330926,100,150.15,150.15,296.449,1.52
238,Lamu,0,ID,1552330927,100,122.3,122.3,294.749,1.42
239,Gweru,0,ZW,1552330927,38,29.82,29.82,296.749,6.27
240,Pavlysh,44,UA,1552330927,82,33.36,33.36,276.499,10.42
241,Salalah,0,OM,1552326600,53,54.1,54.1,298.15,1.5
242,Port Macquarie,44,AU,1552330445,100,152.91,152.91,292.59,0.5
243,Marzuq,0,YE,1552330927,47,46.47,46.47,290.224,1.92
244,Vikhorevka,64,RU,1552330391,41,101.17,101.17,269.15,2.0
245,Sungairaya,76,ID,1552330928,85,108.9,108.9,298.749,1.57
246,Sioux Lookout,20,CA,1552327200,57,-91.92,-91.92,265.15,1.5
247,Goulburn,0,AU,1552330922,95,149.72,149.72,287.59,2.02
248,Patnos,32,TR,1552330929,86,42.86,42.86,272.974,2.12
249,Port Blair,0,IN,1552330887,100,92.75,92.75,300.499,3.02
250,Angoche,76,MZ,1552330929,100,39.91,39.91,300.024,9.72
251,Santa Barbara,1,US,1552330830,67,-119.7,-119.7,292.15,5.7
252,Praya,44,ID,1552330929,100,116.27,116.27,298.674,1.77
253,Saldanha,0,PT,1552330930,48,-6.55,-6.55,288.424,1.27
254,Hun,40,BE,1552330928,69,4.87,4.87,279.82,4.1
255,Udachnyy,76,RU,1552330930,72,112.4,112.4,259.424,1.67
256,Sinaloa,90,MX,1552330929,47,-115.28,-115.28,290.93,1.5
257,Margate,75,AU,1552330876,58,147.26,147.26,287.15,3.6
258,Srednekolymsk,68,RU,1552330931,77,153.71,153.71,253.249,1.07
259,Alofi,75,NU,1552327200,94,-169.92,-169.92,297.15,7.62
260,West Wendover,1,US,1552326960,60,-114.07,-114.07,278.15,2.1
261,Nemuro,92,JP,1552330931,87,145.57,145.57,274.374,16.02
262,Omsukchan,76,RU,1552330931,70,155.8,155.8,248.674,1.17
263,Fort Nelson,20,CA,1552327200,37,-122.69,-122.69,276.15,3.6
264,Along,56,IN,1552330932,81,94.8,94.8,284.999,0.87
265,Qaqortoq,75,GL,1552326600,49,-46.03,-46.03,270.15,6.7
266,Barcelos,0,PT,1552330863,76,-8.62,-8.62,289.82,2.6
267,Dijkot,0,PK,1552330932,93,73.0,73.0,285.449,1.37
268,Kurilsk,92,RU,1552330932,91,147.88,147.88,273.024,13.87
269,Mahebourg,40,MU,1552330747,83,57.7,57.7,298.15,2.6
270,Sungaipenuh,92,ID,1552330993,94,101.38,101.38,291.749,0.32
271,Port Lincoln,88,AU,1552330993,90,135.86,135.86,291.624,6.82
272,Henties Bay,0,NA,1552330931,89,14.28,14.28,290.37,1.34
273,Aklavik,90,CA,1552327200,85,-135.01,-135.01,261.15,6.2
274,Warrnambool,92,AU,1552330928,95,142.48,142.48,287.04,2.68
275,Quartucciu,40,IT,1552330806,62,9.18,9.18,285.93,8.7
276,Skagen,0,SE,1552330849,87,13.44,13.44,273.15,2.6
277,Suntar,32,RU,1552330994,78,117.65,117.65,257.724,1.52
278,Menongue,32,AO,1552330994,68,17.68,17.68,294.374,0.77
279,Cidreira,32,BR,1552330994,87,-50.22,-50.22,296.274,5.77
280,Shimoda,0,JP,1552330811,83,138.93,138.93,279.26,11.52
281,Sur,64,OM,1552330994,94,59.53,59.53,294.874,6.72
282,Tuatapere,0,NZ,1552330809,81,167.69,167.69,288.15,2.77
283,Kavieng,92,PG,1552330995,100,150.8,150.8,299.224,6.57
284,Teguise,0,ES,1552329000,68,-13.56,-13.56,294.15,7.7
285,Pitimbu,80,BR,1552330707,88,-34.81,-34.81,302.099,5.92
286,Tupiza,0,BO,1552330995,35,-65.72,-65.72,291.949,2.17
287,Elat,48,CM,1552330995,69,11.16,11.16,299.474,1.67
288,Orissaare,90,EE,1552330804,100,23.08,23.08,270.93,4.1
289,Malindi,20,KE,1552327200,78,40.12,40.12,301.15,9.3
290,Bogatynia,88,CZ,1552330924,85,14.95,14.95,275.93,2.68
291,Vardo,1,US,1552330985,16,-77.74,-77.74,289.26,6.2
292,Kirakira,88,SB,1552330996,97,161.92,161.92,302.124,3.42
293,Carnarvon,24,ZA,1552330764,20,22.13,22.13,292.449,3.02
294,Khuzhir,44,RU,1552330996,80,107.35,107.35,262.924,1.32
295,Kununurra,8,AU,1552329000,88,128.74,128.74,299.15,0.5
296,Pitlochry,20,GB,1552330925,75,-3.73,-3.73,280.15,6.7
297,Mandera,0,ET,1552329918,22,41.86,41.86,302.04,3.67
298,Vila,40,IT,1552330985,31,8.4,8.4,282.59,2.6
299,Tual,32,ID,1552330997,99,132.75,132.75,301.699,4.72
300,Isangel,92,VU,1552327200,94,169.27,169.27,294.15,1.0
301,Olenegorsk,0,RU,1552330998,75,33.28,33.28,263.324,1.87
302,Kodinsk,88,RU,1552330998,72,99.18,99.18,268.674,3.27
303,Paita,0,PE,1552330998,58,-81.11,-81.11,304.774,2.52
304,Saquarema,40,BR,1552330800,83,-42.51,-42.51,305.15,7.7
305,Breves,88,BR,1552330823,87,-50.48,-50.48,301.099,2.07
306,Polazna,40,RU,1552329000,86,56.41,56.41,276.15,6.0
307,Omboue,20,GA,1552330999,100,9.26,9.26,301.499,3.92
308,Poso,44,ID,1552330999,100,120.75,120.75,298.474,1.52
309,Kabalo,48,CD,1552330999,95,26.92,26.92,294.924,1.72
310,Kidal,0,ML,1552330999,10,1.41,1.41,299.324,3.92
311,Agadir,0,MA,1552329000,72,-9.58,-9.58,291.15,6.2
312,Acapulco,5,MX,1552326420,62,-99.88,-99.88,303.15,3.6
313,Portland,40,US,1552330802,48,-122.67,-122.67,282.59,6.7
314,Van Buren,75,US,1552330636,74,-67.94,-67.94,276.15,10.8
315,Roald,20,NO,1552330880,99,6.12,6.12,273.15,4.6
316,Diamantina,0,BR,1552330934,44,-43.6,-43.6,303.099,2.87
317,Palmer,0,AU,1552330991,55,139.16,139.16,293.15,7.2
318,La Ronge,75,CA,1552327200,61,-105.3,-105.3,273.15,5.7
319,Hornepayne,80,CA,1552331001,65,-84.78,-84.78,266.099,3.07
320,Lubango,12,AO,1552331001,55,13.49,13.49,297.349,1.62
321,Dasoguz,0,TM,1552329000,70,59.97,59.97,281.15,3.72
322,Torres,80,BR,1552330864,98,-49.73,-49.73,295.624,2.77
323,Lac du Bonnet,8,CA,1552330869,65,-96.06,-96.06,267.04,3.58
324,Taksimo,0,RU,1552331002,57,114.84,114.84,255.224,0.97
325,Kalat,0,PK,1552330900,95,66.58,66.58,267.849,0.97
326,Shelburne,90,CA,1552331010,83,-80.2,-80.2,274.26,5.1
327,Husavik,44,CA,1552330869,65,-96.99,-96.99,267.04,3.58
328,Mehamn,75,NO,1552326600,79,27.85,27.85,271.15,8.2
329,Lebyazhye,75,RU,1552330963,73,29.42,29.42,269.82,5.0
330,Ambon,0,FR,1552331061,70,-2.56,-2.56,283.15,1.5
331,Bodden Town,40,KY,1552330804,78,-81.25,-81.25,302.04,6.7
332,Sedkyrkeshch,90,RU,1552331002,80,50.96,50.96,274.26,2.0
333,Illapel,0,CL,1552331063,80,-71.17,-71.17,292.974,1.62
334,Yudong,8,KR,1552329540,100,126.9,126.9,278.15,0.5
335,Paracuru,40,BR,1552330800,74,-39.03,-39.03,302.15,6.7
336,Solnechnyy,68,RU,1552331064,88,136.64,136.64,267.199,1.92
337,Umrala,0,IN,1552331064,82,71.8,71.8,293.024,1.72
338,Tilichiki,0,RU,1552331064,56,166.1,166.1,248.674,1.42
339,Marovoay,40,MG,1552327200,88,46.64,46.64,298.15,4.1
340,Vero Beach,1,US,1552330854,48,-80.4,-80.4,303.71,2.1
341,Guerrero Negro,36,MX,1552331065,60,-114.04,-114.04,290.749,1.47
342,Povolzhskiy,90,RU,1552329000,97,49.76,49.76,273.15,4.0
343,Guadalajara,0,ES,1552330986,36,-3.16,-3.16,292.04,1.5
344,Yaan,8,NG,1552331065,54,8.57,8.57,305.974,0.82
345,Port Hueneme,1,US,1552330840,67,-119.2,-119.2,290.93,5.7
346,Oranjestad,40,AW,1552327200,66,-70.03,-70.03,302.15,11.3
347,Antofagasta,20,CL,1552327200,60,-70.4,-70.4,294.15,6.7
348,Sarangani,92,PH,1552331066,100,125.46,125.46,299.524,4.02
349,Pine Bluff,90,US,1552330383,71,-92.0,-92.0,287.15,2.6
350,Hurricane,40,US,1552330897,37,-113.29,-113.29,285.93,2.1
351,Sucua,75,EC,1552327200,69,-78.17,-78.17,298.15,2.1
352,Coahuayana,0,MX,1552331067,29,-100.35,-100.35,303.499,1.37
353,Umm Kaddadah,0,SD,1552331067,16,26.69,26.69,296.199,4.67
354,Kanniyakumari,0,IN,1552331067,97,77.57,77.57,302.849,5.02
355,Lithakia,20,GR,1552330814,87,20.83,20.83,288.15,3.1
356,Gizo,0,IL,1552331046,77,34.94,34.94,289.15,1.5
357,Save,36,BJ,1552331067,49,2.49,2.49,305.324,1.17
358,San Cristobal,75,EC,1552330926,46,-78.55,-78.55,295.15,5.7
359,Fallon,1,US,1552326960,62,-105.12,-105.12,268.15,6.7
360,Noyabrsk,88,RU,1552331068,91,75.45,75.45,269.574,5.57
361,Banda Aceh,12,ID,1552330833,99,95.32,95.32,296.574,0.92
362,Kings Mountain,40,US,1552331050,22,-81.34,-81.34,294.26,1.82
363,Saskylakh,8,RU,1552331069,29,114.09,114.09,243.774,1.92
364,Tommot,8,RU,1552331069,67,126.27,126.27,254.099,1.12
365,Sao Borja,24,BR,1552331014,82,-56.0,-56.0,299.424,4.02
366,Santa Pola,0,ES,1552331064,54,-0.56,-0.56,290.15,2.6
367,Fairbanks,75,US,1552330907,73,-147.72,-147.72,268.15,2.57
368,Milford,1,US,1552330739,69,-97.05,-97.05,278.15,2.1
369,Contramaestre,75,CU,1552326600,52,-76.25,-76.25,304.15,9.3
370,Newport,20,GB,1552330926,81,-3.0,-3.0,282.15,2.1
371,Flin Flon,90,CA,1552327200,62,-101.88,-101.88,267.15,4.6
372,Waipawa,0,NZ,1552329856,89,176.59,176.59,286.48,1.32
373,Inuvik,90,CA,1552327200,85,-133.71,-133.71,261.15,6.2
374,Mitsamiouli,20,KM,1552327200,88,43.28,43.28,300.15,2.6
375,Sao Joao del Rei,75,BR,1552327200,82,-44.26,-44.26,292.15,1.5
376,Ladario,0,PT,1552330818,92,-7.74,-7.74,289.82,2.24
377,Nanlong,20,CN,1552331071,83,106.05,106.05,283.174,1.22
378,Requena,20,ES,1552331047,67,-1.1,-1.1,288.15,1.5
379,Samut Songkhram,0,TH,1552331071,100,100.0,100.0,301.449,6.37
380,Bubaque,0,GW,1552331072,73,-15.83,-15.83,303.774,4.12
381,Caravelas,12,BR,1552331132,100,-39.27,-39.27,301.774,3.77
382,Tautira,75,PF,1552330987,70,-149.15,-149.15,302.15,2.1
383,Kopayhorod,32,UA,1552330933,75,27.8,27.8,273.15,4.67
384,Nesoddtangen,0,NO,1552330844,68,10.66,10.66,272.59,3.1
385,Esperance,40,TT,1552330881,48,-61.45,-61.45,304.15,6.7
386,Santa Cruz,1,US,1552330996,76,-122.03,-122.03,288.15,4.6
387,Tarko-Sale,88,RU,1552330965,89,77.78,77.78,270.37,2.68
388,Predivinsk,92,RU,1552331134,76,93.44,93.44,269.724,3.77
389,Dandong,0,CN,1552331134,41,124.37,124.37,273.624,4.67
390,Ranfurly,12,CA,1552331134,80,-111.68,-111.68,268.349,1.62
391,Ta Khmau,20,KH,1552329000,78,104.95,104.95,300.15,2.6
392,Sesheke,44,NA,1552331134,59,24.29,24.29,299.074,3.42
393,Namibe,0,AO,1552331135,100,12.15,12.15,299.424,5.22
394,Inirida,88,CO,1552331135,92,-67.92,-67.92,298.324,1.32
395,Meadow Lake,75,CA,1552327200,67,-108.44,-108.44,268.15,2.6
396,Vestmannaeyjar,90,IS,1552327200,100,-20.27,-20.27,276.15,30.9
397,Ukiah,1,US,1552331093,66,-123.21,-123.21,287.04,1.22
398,Biak,24,ID,1552331135,98,122.88,122.88,298.524,1.37
399,Halifax,20,CA,1552330867,70,-63.58,-63.58,280.93,5.1
400,Tecoanapa,5,MX,1552326420,62,-99.26,-99.26,303.15,3.6
401,Shakawe,76,BW,1552331136,40,21.84,21.84,301.524,1.92
402,Basoko,68,CD,1552331136,81,23.61,23.61,298.199,3.07
403,Saint-Felicien,90,CA,1552330850,69,-72.45,-72.45,273.71,7.2
404,Rome,40,IT,1552330994,87,12.48,12.48,287.15,2.6
405,Segou,0,SN,1552327200,8,-12.29,-12.29,311.15,2.1
406,Kattivakkam,20,IN,1552329000,78,80.32,80.32,301.15,2.6
407,Bayanday,36,RU,1552331137,65,105.52,105.52,259.099,1.22
408,Monterey,1,US,1552331117,58,-121.89,-121.89,288.15,2.1
409,Kadhan,8,PK,1552331138,45,68.99,68.99,291.924,4.32
410,Busembatia,0,UG,1552331138,67,33.62,33.62,296.749,0.42
411,Calintaan,0,PH,1552331138,87,120.93,120.93,290.874,1.42
412,Deputatskiy,76,RU,1552331138,62,139.9,139.9,247.024,1.27
413,Talcahuano,20,CL,1552327200,72,-73.12,-73.12,292.15,5.1
414,Antalaha,80,MG,1552331138,100,50.28,50.28,297.874,0.82
415,Manjeshwar,20,IN,1552329000,74,74.89,74.89,300.15,2.1
416,Broken Hill,0,AU,1552327200,59,141.45,141.45,291.15,7.7
417,Blagoveshchenka,76,RU,1552331139,93,79.87,79.87,266.249,4.22
418,Marsh Harbour,64,BS,1552331139,100,-77.06,-77.06,297.999,3.57
419,Panama City,90,US,1552331110,88,-85.65,-85.65,300.93,4.1
420,Huarmey,8,PE,1552331029,51,-78.15,-78.15,301.199,1.52
421,Batticaloa,20,LK,1552331140,100,81.69,81.69,298.099,2.12
422,Dabhol,0,IN,1552331140,97,73.17,73.17,296.349,4.42
423,Northam,20,GB,1552331119,70,-4.21,-4.21,281.48,5.7
424,Balagansk,68,RU,1552331140,60,103.05,103.05,260.424,1.47
425,Ryde,20,GB,1552331115,65,-1.16,-1.16,282.15,6.2
426,Bazarnyye Mataki,92,RU,1552331140,94,49.93,49.93,273.674,4.92
427,Payakumbuh,92,ID,1552331140,78,100.63,100.63,296.199,0.77
428,Maceio,40,BR,1552330800,62,-35.74,-35.74,302.15,6.7
429,Gualaquiza,48,EC,1552331141,71,-78.58,-78.58,296.324,1.42
430,San Carlos de Bariloche,20,AR,1552327200,27,-71.31,-71.31,298.15,3.1
431,Veraval,0,FR,1552331110,70,0.71,0.71,279.26,3.1
432,Malanje,36,AO,1552331141,99,16.35,16.35,291.924,0.87
433,Williams Lake,90,CA,1552327200,50,-122.14,-122.14,274.15,9.8
434,Mukerian,48,IN,1552331142,95,75.61,75.61,285.874,2.92
435,Simpang,75,MY,1552327200,94,100.71,100.71,299.15,2.1
436,Cedar City,90,US,1552330897,93,-113.06,-113.06,276.48,2.6
437,Anniston,90,US,1552331044,71,-85.83,-85.83,287.15,2.1
438,Touros,40,BR,1552330800,70,-35.46,-35.46,303.15,6.2
439,Bolobo,12,CD,1552331202,72,16.23,16.23,302.099,1.52
440,Koilas,56,GR,1552331203,80,23.11,23.11,291.124,7.07
441,Hope,75,CA,1552330933,64,-121.43,-121.43,280.93,1.5
442,Sabang,8,PH,1552331203,98,123.58,123.58,294.699,1.92
443,Paragominas,80,BR,1552331203,87,-47.35,-47.35,300.574,2.12
444,Kaoma,48,ZM,1552331204,83,24.8,24.8,294.374,2.02
445,Ahuimanu,75,US,1552331148,61,-157.84,-157.84,298.15,6.2
446,Honiara,8,SB,1552331204,100,159.96,159.96,294.949,0.82
447,Tazovskiy,88,RU,1552331204,93,78.7,78.7,268.324,2.87
448,Porto Velho,75,BR,1552330800,83,-63.87,-63.87,300.15,1.5
449,Shaoguan,0,CN,1552331204,85,113.59,113.59,280.724,1.22
450,Moindou,0,NC,1552329000,88,165.68,165.68,294.15,1.32
451,Teluk Intan,75,MY,1552327200,88,101.03,101.03,299.15,1.97
452,Pozo Colorado,0,PY,1552331205,87,-58.8,-58.8,302.999,2.82
453,Obsharovka,76,RU,1552331205,94,48.85,48.85,273.974,5.32
454,The Valley,40,AI,1552330828,57,-63.06,-63.06,302.15,6.2
455,Boguchany,80,RU,1552331205,72,97.46,97.46,268.674,3.47
456,Warangal,64,IN,1552331206,41,79.6,79.6,301.949,4.02
457,General Roca,0,AR,1552327200,36,-67.58,-67.58,300.15,5.7
458,Mangrol,0,IN,1552331206,50,76.51,76.51,289.674,1.77
459,Bukama,88,CD,1552331206,94,25.85,25.85,294.249,1.47
460,Kalabo,32,ZM,1552331206,46,22.67,22.67,300.874,3.02
461,Kerman,0,IR,1552327200,36,57.06,57.06,282.15,2.1
462,Necochea,56,AR,1552330916,34,-58.74,-58.74,301.48,2.68
463,Seka,0,ET,1552331180,77,36.72,36.72,289.249,0.87
464,Sumbe,68,AO,1552331207,96,13.84,13.84,300.999,3.02
465,Gimli,44,CA,1552330869,65,-96.99,-96.99,267.04,3.58
466,Harindanga,20,IN,1552329000,83,88.32,88.32,299.15,2.6
467,Saint-Pierre,0,FR,1552330925,69,4.24,4.24,279.15,5.7
468,Campos Gerais,92,BR,1552331208,71,-45.76,-45.76,299.449,2.32
469,Berlevag,75,NO,1552326600,74,29.09,29.09,271.15,8.2
470,Iracoubo,92,GF,1552331209,74,-53.21,-53.21,299.874,2.87
471,Codrington,40,AU,1552331024,94,153.24,153.24,295.37,3.6
472,Wundanyi,12,KE,1552331209,42,38.37,38.37,299.249,3.42
473,Kutum,0,SD,1552331209,25,24.66,24.66,292.099,4.12
474,Hatillo,1,PR,1552331134,74,-66.83,-66.83,301.15,9.8
475,Vilyuysk,64,RU,1552331210,66,121.63,121.63,256.774,1.22
476,Kawalu,92,ID,1552331210,97,108.21,108.21,292.974,0.97
477,Arkhipo-Osipovka,24,RU,1552331210,77,38.53,38.53,283.324,5.47
478,Terekli-Mekteb,48,RU,1552331210,49,45.87,45.87,281.774,4.92
479,Hamilton,75,BM,1552330865,64,-64.78,-64.78,293.15,4.1
480,Ulladulla,0,AU,1552330922,100,150.48,150.48,290.93,1.0
481,Balad,68,ID,1552331211,100,108.42,108.42,300.224,1.67
482,Anadyr,0,RU,1552330992,75,177.51,177.51,248.15,1.0
483,Hami,0,CN,1552331211,62,93.51,93.51,273.099,4.02
484,Zaykovo,76,RU,1552331211,94,62.76,62.76,275.574,3.87
485,Sao Filipe,0,CV,1552331212,79,-24.5,-24.5,297.749,5.47
486,High Level,20,CA,1552327200,44,-117.13,-117.13,277.15,3.1
487,Araouane,0,ML,1552331212,14,-3.53,-3.53,300.499,4.22
488,Adrar,0,DZ,1552327200,19,-0.29,-0.29,297.15,7.2
489,Coquimbo,0,CL,1552327200,56,-71.34,-71.34,294.15,7.2
490,Wuwei,0,CN,1552331273,53,102.64,102.64,265.949,2.77
491,Zhenhai,48,CN,1552327200,81,121.71,121.71,281.15,1.0
492,Russkaya Polyana,92,RU,1552331273,92,73.88,73.88,272.724,4.22
493,Ilanskiy,88,RU,1552331273,89,96.06,96.06,268.824,4.12
494,Riyadh,40,SA,1552327200,16,46.72,46.72,293.15,4.6
495,Rio Gallegos,75,AR,1552327200,66,-69.22,-69.22,289.15,11.8
496,Jieshi,8,CN,1552331274,100,115.83,115.83,289.624,3.62
497,Strezhevoy,0,RU,1552329000,68,77.6,77.6,272.15,5.0
498,Yakeshi,24,CN,1552331274,30,120.73,120.73,261.099,5.47
499,Dong Xoai,0,VN,1552331274,80,106.92,106.92,297.824,3.22
500,Alta Floresta,32,BR,1552331275,67,-56.08,-56.08,303.174,1.27
501,Rocha,80,UY,1552331096,57,-54.34,-54.34,296.474,5.37
502,Zafra,0,ES,1552330985,46,-6.42,-6.42,295.15,3.1
503,Kabinda,92,CD,1552331275,95,24.49,24.49,293.499,2.52
504,Vanino,80,RU,1552331272,77,40.55,40.55,274.26,1.87
505,Luzhou,92,CN,1552331275,83,105.45,105.45,285.474,0.17
506,Mogadishu,0,SO,1552331179,98,45.34,45.34,300.624,8.32
507,Bela,0,PK,1552331276,61,66.31,66.31,282.949,0.32
508,Jalu,76,LY,1552331276,23,21.55,21.55,293.224,1.87
509,Lusambo,88,CD,1552331276,92,23.44,23.44,296.349,1.07
510,Camacha,75,PT,1552329000,72,-16.33,-16.33,291.15,3.1
511,Basco,1,US,1552331246,45,-91.2,-91.2,281.48,2.6
512,Galle,90,US,1552331257,72,-97.91,-97.91,291.15,6.2
513,Chilliwack,90,CA,1552331204,60,-121.95,-121.95,281.48,1.0
514,Dobre Miasto,0,PL,1552329000,74,20.4,20.4,272.15,2.1
515,Monte Alegre de Minas,20,BR,1552327200,51,-48.88,-48.88,300.15,4.1
516,Yulara,8,AU,1552327200,22,130.99,130.99,306.15,4.6
517,Lixourion,40,GR,1552330814,93,20.43,20.43,288.15,2.1
518,Ulagan,0,RU,1552331279,54,87.96,87.96,254.574,1.02
519,Massakory,0,TD,1552331279,17,15.73,15.73,301.824,3.57
520,Scottsbluff,1,US,1552331050,69,-103.67,-103.67,279.82,2.12
521,Kamaishi,0,JP,1552331279,80,141.86,141.86,278.624,6.17
522,Bose,40,IT,1552331277,31,8.01,8.01,283.15,2.6
523,Platanos,0,GR,1552331160,36,23.6,23.6,291.15,7.2
524,Acari,36,BR,1552331280,33,-36.64,-36.64,307.199,4.92
525,North Platte,1,US,1552330886,64,-100.77,-100.77,279.82,4.6
526,Agadez,68,NE,1552331280,13,7.99,7.99,302.574,1.77
527,Beipiao,0,CN,1552331280,25,120.76,120.76,268.749,6.67
528,Eina,0,NO,1552331103,63,10.6,10.6,271.15,1.5
529,La Palma,24,CO,1552331281,79,-74.39,-74.39,298.499,1.12
530,Puerto Madryn,12,AR,1552331281,47,-65.04,-65.04,298.874,2.07
531,Langxiang,88,CN,1552331281,87,128.87,128.87,268.499,0.92
532,Pontes e Lacerda,44,BR,1552331282,87,-59.33,-59.33,301.099,2.42
533,Ouango,48,CD,1552331282,39,22.55,22.55,305.449,1.77
534,Vata de Jos,80,RO,1552331283,78,22.6,22.6,275.699,1.17
535,Ust-Kuyga,48,RU,1552331283,63,135.55,135.55,247.449,1.67
536,Tessalit,0,ML,1552331283,14,1.01,1.01,297.874,5.02
537,Flinders,0,AU,1552331238,100,150.85,150.85,294.82,1.0
538,Sechura,0,PE,1552331284,74,-80.82,-80.82,301.374,2.82
539,Axim,8,GH,1552331284,97,-2.24,-2.24,301.699,3.62
540,Hay River,75,CA,1552327200,44,-115.79,-115.79,276.15,6.7
541,Nacala,40,MZ,1552327200,74,40.69,40.69,300.15,4.6
542,Saint-Augustin,0,FR,1552331184,61,-0.61,-0.61,283.15,2.1
543,Gangapur,0,IN,1552327200,39,75.01,75.01,299.15,3.42
544,Half Moon Bay,1,US,1552331284,58,-122.43,-122.43,288.15,6.2
545,Rajgarh,0,IN,1552331345,33,76.73,76.73,293.074,4.22
546,Grand Gaube,40,MU,1552331046,83,57.66,57.66,298.15,2.6
547,Palana,64,RU,1552331346,74,159.95,159.95,261.674,2.52
548,Yeppoon,90,AU,1552329000,88,150.74,150.74,297.15,1.5
549,Vao,76,EE,1552331347,79,26.19,26.19,269.224,3.57
550,Yar-Sale,76,RU,1552331347,81,70.83,70.83,264.474,4.92
551,Liwale,0,TZ,1552331347,57,37.92,37.92,298.749,2.17
552,Katsuura,20,JP,1552330482,87,134.5,134.5,280.15,3.1
553,Kabare,56,RW,1552331348,73,29.38,29.38,292.499,1.42
554,Pyaozerskiy,88,RU,1552331349,74,31.17,31.17,268.249,5.32
555,Faya,20,SA,1552327200,72,42.45,42.45,289.15,2.6
556,Bilma,36,NE,1552331349,12,12.92,12.92,299.724,3.57
557,Okha,68,RU,1552331349,84,142.95,142.95,267.624,5.57
558,Clifton,40,AU,1552331112,47,151.91,151.91,298.15,4.1
